Latitude,Longitude,Zone,GHI (kWh/m2)
45.4982699,9.1673143,Zone 9,1405.9
45.5259142,9.1934391,Zone 9,1404.5
45.5047559,9.1690815,Zone 9,1405.5
45.4979568,9.1918297,Zone 9,1405.7
45.4973264,9.1798725,Zone 9,1405.7
45.5264202,9.1745752,Zone 9,1404.6
45.5226966,9.1747024,Zone 9,1404.6
45.522811,9.159218,Zone 9,1404.9
45.5038106,9.1641243,Zone 9,1405.6
45.4966814,9.1914255,Zone 9,1405.9
45.5198423,9.1703534,Zone 9,1404.6
45.4970635,9.1837715,Zone 9,1405.5
45.4964671,9.1730924,Zone 9,1405.9
45.4967175,9.1695992,Zone 9,1406
45.5030589,9.1643759,Zone 9,1405.6
45.5211056,9.1924489,Zone 9,1404.4
45.5242764,9.1656991,Zone 9,1404.6
45.4978085,9.167013,Zone 9,1405.9
45.504254,9.180761,Zone 9,1405.1
45.5154451,9.1724238,Zone 9,1404.5
45.5304358,9.1639989,Zone 9,1404.9
45.5308907,9.1628086,Zone 9,1404.9
45.5219373,9.2161433,Zone 9,1404.6
45.5022624,9.1928491,Zone 9,1405.6
45.4890824,9.1888085,Zone 9,1406.3
45.5152399,9.1930974,Zone 9,1404.4
45.5063941,9.198001,Zone 9,1405.2
45.5162182,9.1944327,Zone 9,1404.4
45.5197377,9.1991259,Zone 9,1404.4
45.5067954,9.2004583,Zone 9,1405.4
45.4974575,9.1645176,Zone 9,1406.1
45.5152587,9.1940764,Zone 9,1404.4
45.4874588,9.1869698,Zone 9,1406.2
45.5001613,9.1787591,Zone 9,1405.3
45.5012516,9.1627761,Zone 9,1405.8
45.5019609,9.1647025,Zone 9,1405.8
45.4998068,9.1673344,Zone 9,1405.9
45.5025232,9.176678,Zone 9,1405.3
45.5027195,9.1765326,Zone 9,1405.3
45.5023385,9.1761108,Zone 9,1405.4
45.5019769,9.1756372,Zone 9,1405.4
45.5032088,9.1624836,Zone 9,1405.7
45.5030313,9.1611492,Zone 9,1405.7
45.4949556,9.1849812,Zone 9,1405.7
45.5060472,9.1947376,Zone 9,1405.1
45.4892417,9.1888269,Zone 9,1406.3
45.5141993,9.208342,Zone 9,1404.9
45.5144784,9.2077107,Zone 9,1404.9
45.4891294,9.1906768,Zone 9,1406.5
45.4891677,9.1909798,Zone 9,1406.5
45.4899942,9.189347,Zone 9,1406.3
45.5257421,9.2081435,Zone 9,1404.7
45.5267462,9.2088078,Zone 9,1404.7
45.5186799,9.2072964,Zone 9,1404.6
45.511153,9.202929,Zone 9,1405
45.5010358,9.1958058,Zone 9,1405.6
45.5027644,9.1891262,Zone 9,1405.2
45.5120915,9.2044026,Zone 9,1405
45.5023842,9.1527412,Zone 9,1406.1
45.4889444,9.1881683,Zone 9,1406.3
45.5161175,9.2029905,Zone 9,1404.6
45.5172346,9.1917957,Zone 9,1404.3
45.4899689,9.1889659,Zone 9,1406.3
45.4887512,9.187111,Zone 9,1406.2
45.4900947,9.1832224,Zone 9,1405.9
45.4888473,9.1830352,Zone 9,1406.1
45.5026316,9.1652048,Zone 9,1405.6
45.5282357,9.2101398,Zone 9,1404.6
45.5225744,9.2066697,Zone 9,1404.6
45.5175274,9.1916647,Zone 9,1404.3
45.5239109,9.1925821,Zone 9,1404.4
45.5072649,9.1982093,Zone 9,1405.2
45.4890027,9.191109,Zone 9,1406.5
45.5264675,9.203168,Zone 9,1404.6
45.5264774,9.203226,Zone 9,1404.6
45.5266259,9.2090037,Zone 9,1404.7
45.5146215,9.2111879,Zone 9,1404.9
45.5153719,9.1724922,Zone 9,1404.5
45.4976886,9.1857067,Zone 9,1405.5
45.4985205,9.1888725,Zone 9,1405.5
45.4871967,9.1842026,Zone 9,1406.1
45.494443,9.1851065,Zone 9,1405.8
45.5072704,9.1984568,Zone 9,1405.2
45.4827112,9.1850579,Zone 9,1406.5
45.4938763,9.1848747,Zone 9,1405.7
45.4976397,9.1859697,Zone 9,1405.5
45.498364,9.1845521,Zone 9,1405.4
45.5152366,9.1933136,Zone 9,1404.4
45.5166084,9.1673769,Zone 9,1404.7
45.5023359,9.1658458,Zone 9,1405.7
45.5075977,9.2043976,Zone 9,1405.3
45.4916738,9.1887287,Zone 9,1406.1
45.5214975,9.1996404,Zone 9,1404.5
45.521571,9.2000077,Zone 9,1404.4
45.5290718,9.203058,Zone 9,1404.6
45.5235523,9.2118257,Zone 9,1404.6
45.52316,9.2113541,Zone 9,1404.6
45.4863171,9.1866888,Zone 9,1406.2
45.4840401,9.1958908,Zone 9,1406.9
45.5183846,9.1543166,Zone 9,1405
45.5164034,9.1530715,Zone 9,1405
45.5150861,9.1611001,Zone 9,1404.8
45.5199162,9.1695049,Zone 9,1404.5
45.5228398,9.1664211,Zone 9,1404.6
45.5228777,9.1667016,Zone 9,1404.6
45.5293431,9.1728086,Zone 9,1404.7
45.5181954,9.208364,Zone 9,1404.6
45.5234499,9.1926098,Zone 9,1404.4
45.5036159,9.1687586,Zone 9,1405.5
45.4829442,9.1944526,Zone 9,1406.9
45.4830309,9.1946721,Zone 9,1406.9
45.4832833,9.1941409,Zone 9,1406.9
45.4832989,9.1940015,Zone 9,1406.9
45.4833272,9.1942048,Zone 9,1406.9
45.4838858,9.1954039,Zone 9,1406.9
45.4855692,9.1976112,Zone 9,1406.9
45.5022951,9.1653333,Zone 9,1405.7
45.4966819,9.1794983,Zone 9,1405.7
45.4960489,9.1711639,Zone 9,1405.9
45.5170333,9.1915688,Zone 9,1404.3
45.4956972,9.1856491,Zone 9,1405.6
45.4947988,9.185149,Zone 9,1405.8
45.4957119,9.1855423,Zone 9,1405.6
45.5160379,9.2130238,Zone 9,1404.8
45.516178,9.2123663,Zone 9,1404.7
45.5151171,9.2130089,Zone 9,1404.8
45.5155043,9.2115605,Zone 9,1404.7
45.5147742,9.2125231,Zone 9,1405
45.5150419,9.2115713,Zone 9,1404.7
45.5200671,9.1698719,Zone 9,1404.6
45.5205483,9.1695286,Zone 9,1404.6
45.5193207,9.169975,Zone 9,1404.5
45.5198392,9.1695343,Zone 9,1404.5
45.5201239,9.1706593,Zone 9,1404.5
45.5207014,9.1709253,Zone 9,1404.5
45.5194489,9.1701416,Zone 9,1404.6
45.5210579,9.1691899,Zone 9,1404.6
45.5212269,9.1676253,Zone 9,1404.6
45.5214278,9.1679937,Zone 9,1404.6
45.5121684,9.1704534,Zone 9,1404.9
45.5157405,9.1722095,Zone 9,1404.5
45.5171472,9.1708761,Zone 9,1404.5
45.5194162,9.1699372,Zone 9,1404.5
45.5141507,9.1688131,Zone 9,1404.8
45.5166377,9.1716984,Zone 9,1404.5
45.5169229,9.2122352,Zone 9,1404.7
45.514068,9.2106586,Zone 9,1404.9
45.5120183,9.2094605,Zone 9,1405.1
45.5134919,9.210292,Zone 9,1404.9
45.513037,9.2100398,Zone 9,1404.9
45.5055872,9.1997384,Zone 9,1405.2
45.5015203,9.1573701,Zone 9,1406
45.5093058,9.2027363,Zone 9,1405.3
45.5086639,9.2004984,Zone 9,1405.2
45.5067569,9.2014068,Zone 9,1405.4
45.500962,9.155016,Zone 9,1406
45.5016463,9.1583096,Zone 9,1405.9
45.5033852,9.1566888,Zone 9,1405.8
45.5133529,9.1736243,Zone 9,1404.6
45.5165006,9.1720093,Zone 9,1404.5
45.5086643,9.1769952,Zone 9,1404.9
45.5272154,9.1740995,Zone 9,1404.6
45.5287052,9.1716579,Zone 9,1404.8
45.5287009,9.1743727,Zone 9,1404.7
45.5168387,9.1672727,Zone 9,1404.7
45.5171591,9.1668273,Zone 9,1404.7
45.5053789,9.1663176,Zone 9,1405.4
45.5044541,9.1656053,Zone 9,1405.6
45.5042949,9.166342,Zone 9,1405.6
45.5068097,9.2032698,Zone 9,1405.5
45.5148178,9.1729315,Zone 9,1404.6
45.5156631,9.1725238,Zone 9,1404.5
45.5286878,9.1631096,Zone 9,1404.9
45.5244373,9.1611518,Zone 9,1404.9
45.5280604,9.1610779,Zone 9,1404.9
45.5266021,9.1620367,Zone 9,1404.9
45.5237871,9.1656628,Zone 9,1404.6
45.5265876,9.1617537,Zone 9,1404.9
45.5281006,9.1608102,Zone 9,1404.9
45.5048616,9.1850903,Zone 9,1405.1
45.4843482,9.1876062,Zone 9,1406.6
45.5043687,9.1644529,Zone 9,1405.6
45.4853207,9.1963631,Zone 9,1406.7
45.4858807,9.1970018,Zone 9,1406.7
45.4835959,9.1950784,Zone 9,1406.9
45.4844782,9.1966284,Zone 9,1406.9
45.4849818,9.1960553,Zone 9,1406.9
45.5014667,9.153699,Zone 9,1406.1
45.5014761,9.1539244,Zone 9,1406.1
45.5014667,9.1537339,Zone 9,1406.1
45.5014742,9.1538948,Zone 9,1406.1
45.5202241,9.204898,Zone 9,1404.6
45.5268666,9.2012897,Zone 9,1404.6
45.5285346,9.2005573,Zone 9,1404.6
45.528646,9.2001622,Zone 9,1404.6
45.5249398,9.177193,Zone 9,1404.4
45.5265534,9.1744271,Zone 9,1404.6
45.5265941,9.177714,Zone 9,1404.5
45.5227883,9.1608179,Zone 9,1404.9
45.5243978,9.1800132,Zone 9,1404.3
45.5200803,9.2001123,Zone 9,1404.4
45.5207358,9.2051468,Zone 9,1404.6
45.5227558,9.2038942,Zone 9,1404.5
45.5227909,9.2039773,Zone 9,1404.5
45.5277988,9.1970384,Zone 9,1404.6
45.5288559,9.2030738,Zone 9,1404.6
45.529021,9.2031435,Zone 9,1404.6
45.4827634,9.1965462,Zone 9,1406.9
45.5046046,9.1991462,Zone 9,1405.5
45.5242789,9.1920967,Zone 9,1404.4
45.5255335,9.1922516,Zone 9,1404.5
45.5049005,9.1657585,Zone 9,1405.6
45.5045452,9.1658819,Zone 9,1405.6
45.5042933,9.1659945,Zone 9,1405.6
45.5052144,9.1656378,Zone 9,1405.4
45.5014058,9.1540426,Zone 9,1406.1
45.5283146,9.2036572,Zone 9,1404.6
45.4854022,9.1883968,Zone 9,1406.5
45.5118282,9.1730422,Zone 9,1404.9
45.5118476,9.1736328,Zone 9,1404.9
45.5112183,9.1911878,Zone 9,1404.7
45.5112664,9.1911833,Zone 9,1404.7
45.5112985,9.1910963,Zone 9,1404.7
45.5027068,9.1893151,Zone 9,1405.2
45.4970521,9.1916746,Zone 9,1405.9
45.5099852,9.1907901,Zone 9,1404.9
45.5266017,9.1756923,Zone 9,1404.6
45.5217316,9.2160449,Zone 9,1404.6
45.5211249,9.2164521,Zone 9,1404.6
45.486757,9.1913898,Zone 9,1406.6
45.4870373,9.1914749,Zone 9,1406.6
45.4871522,9.1914492,Zone 9,1406.6
45.4872569,9.1912822,Zone 9,1406.6
45.4872659,9.1914251,Zone 9,1406.6
45.4881238,9.1911055,Zone 9,1406.5
45.4886665,9.1909776,Zone 9,1406.5
45.5216675,9.1683486,Zone 9,1404.6
45.5303638,9.1629823,Zone 9,1404.9
45.5297708,9.1643502,Zone 9,1404.9
45.5083638,9.1769534,Zone 9,1404.9
45.5185045,9.2043654,Zone 9,1404.6
45.4846499,9.1947328,Zone 9,1406.9
45.4861653,9.1968238,Zone 9,1406.7
45.4890834,9.1908414,Zone 9,1406.5
45.5153447,9.167128,Zone 9,1404.7
45.5153981,9.1672585,Zone 9,1404.7
45.5154503,9.1671428,Zone 9,1404.7
45.5157934,9.1660061,Zone 9,1404.7
45.5158216,9.1655555,Zone 9,1404.7
45.5159356,9.1652493,Zone 9,1404.7
45.5159651,9.1681376,Zone 9,1404.6
45.5161486,9.1669478,Zone 9,1404.7
45.5165396,9.1669813,Zone 9,1404.7
45.5165599,9.1668613,Zone 9,1404.7
45.5166335,9.1666651,Zone 9,1404.7
45.5146607,9.1659714,Zone 9,1404.8
45.5165537,9.1666758,Zone 9,1404.7
45.4858859,9.1970024,Zone 9,1406.7
45.5023749,9.1839588,Zone 9,1405.2
45.5021163,9.160924,Zone 9,1405.9
45.5009774,9.1667199,Zone 9,1405.7
45.4977309,9.1881794,Zone 9,1405.5
45.5082917,9.2021629,Zone 9,1405.2
45.4959358,9.1861037,Zone 9,1405.6
45.4958311,9.18577,Zone 9,1405.6
45.5027647,9.1598365,Zone 9,1405.7
45.4945153,9.1764613,Zone 9,1405.9
45.4945185,9.1764666,Zone 9,1405.9
45.4945278,9.1764806,Zone 9,1405.9
45.495098,9.1764811,Zone 9,1405.7
45.5146282,9.2116497,Zone 9,1404.9
45.5012395,9.1541676,Zone 9,1406.1
45.5012075,9.1541715,Zone 9,1406.1
45.507717,9.2033775,Zone 9,1405.3
45.5122395,9.1752083,Zone 9,1404.7
45.5052469,9.1656162,Zone 9,1405.4
45.5043098,9.1659782,Zone 9,1405.6
45.5049255,9.1657462,Zone 9,1405.6
45.5045758,9.1658763,Zone 9,1405.6
45.5054809,9.1673341,Zone 9,1405.4
45.5054151,9.1668338,Zone 9,1405.4
45.505496,9.1673877,Zone 9,1405.4
45.4867224,9.1850448,Zone 9,1406.2
45.4911256,9.1859892,Zone 9,1406
45.4840455,9.1963542,Zone 9,1406.9
45.4841287,9.1969993,Zone 9,1406.9
45.4840995,9.197162,Zone 9,1406.9
45.5138342,9.1735166,Zone 9,1404.6
45.5146378,9.1730171,Zone 9,1404.6
45.5138687,9.1735052,Zone 9,1404.6
45.4965093,9.1860022,Zone 9,1405.6
45.4971093,9.1849561,Zone 9,1405.5
45.4968904,9.1856769,Zone 9,1405.6
45.4935045,9.1847219,Zone 9,1405.7
45.4887822,9.1826076,Zone 9,1406.1
45.4913943,9.1837689,Zone 9,1405.9
45.4897114,9.1853194,Zone 9,1406.2
45.5283061,9.1633907,Zone 9,1404.9
45.4839425,9.1871312,Zone 9,1406.5
45.485762,9.187177,Zone 9,1406.2
45.484554,9.195621,Zone 9,1406.9
45.484667,9.195728,Zone 9,1406.9
45.4906577,9.1880096,Zone 9,1406.1
45.4840935,9.1953474,Zone 9,1406.9
45.4811898,9.1915709,Zone 9,1407.3
45.4859552,9.1965759,Zone 9,1406.7
45.4870759,9.1961038,Zone 9,1406.7
45.4872339,9.1960287,Zone 9,1406.7
45.4828501,9.1896524,Zone 9,1406.6
45.4829508,9.190758,Zone 9,1406.8
45.4829922,9.188779,Zone 9,1406.6
45.4832647,9.1884513,Zone 9,1406.6
45.4891421,9.1880636,Zone 9,1406.3
45.4839399,9.1873166,Zone 9,1406.5
45.4828245,9.1898379,Zone 9,1406.6
45.5178647,9.2108911,Zone 9,1404.7
45.5179004,9.2107468,Zone 9,1404.7
45.4944142,9.1819472,Zone 9,1405.7
45.4990854,9.1686406,Zone 9,1405.8
45.489256,9.185375,Zone 9,1406.2
45.5038965,9.1850506,Zone 9,1405.1
45.5039705,9.1850702,Zone 9,1405.1
45.5020581,9.1596153,Zone 9,1405.9
45.5021456,9.1596604,Zone 9,1405.9
45.528748,9.2105542,Zone 9,1404.6
45.5025698,9.1597415,Zone 9,1405.7
45.5026808,9.1598769,Zone 9,1405.7
45.4825418,9.1838238,Zone 9,1406.4
45.4826478,9.1845526,Zone 9,1406.4
45.4838771,9.1819259,Zone 9,1406.4
45.4837671,9.1826933,Zone 9,1406.4
45.482557,9.1849756,Zone 9,1406.4
45.4824121,9.1864777,Zone 9,1407
45.4824216,9.1868074,Zone 9,1407
45.5220977,9.1708018,Zone 9,1404.5
45.4840087,9.1887372,Zone 9,1406.6
45.5243443,9.1754697,Zone 9,1404.4
45.5089401,9.1876684,Zone 9,1404.9
45.5098912,9.1881371,Zone 9,1404.9
45.5153532,9.1760828,Zone 9,1404.4
45.4823186,9.1875639,Zone 9,1407.2
45.4826743,9.1864811,Zone 9,1406.5
45.48276,9.1848649,Zone 9,1406.4
45.4822475,9.1875427,Zone 9,1407.2
45.4821813,9.18722,Zone 9,1407
45.5094019,9.1708312,Zone 9,1405.1
45.5159602,9.1691192,Zone 9,1404.6
45.5160196,9.1691124,Zone 9,1404.6
45.5252213,9.1830579,Zone 9,1404.4
45.5030915,9.1619865,Zone 9,1405.7
45.5027729,9.1604789,Zone 9,1405.7
45.502222,9.1585389,Zone 9,1405.9
45.5022619,9.1585391,Zone 9,1405.9
45.5024176,9.1571261,Zone 9,1406
45.486669,9.196843,Zone 9,1406.7
45.4981364,9.1857377,Zone 9,1405.5
45.4844929,9.186284,Zone 9,1406.5
45.4841912,9.1872671,Zone 9,1406.5
45.4844831,9.187541,Zone 9,1406.6
45.4853889,9.1976552,Zone 9,1406.9
45.4854388,9.1977269,Zone 9,1406.9
45.4854518,9.1977022,Zone 9,1406.9
45.4855509,9.1975431,Zone 9,1406.9
45.4856702,9.1973967,Zone 9,1406.7
45.4982259,9.1844257,Zone 9,1405.4
45.5215176,9.1781359,Zone 9,1404.2
45.5215503,9.1781355,Zone 9,1404.2
45.5223185,9.1812232,Zone 9,1404.3
45.5224687,9.1815048,Zone 9,1404.3
45.4846099,9.1956321,Zone 9,1406.9
45.4928965,9.1884689,Zone 9,1405.9
45.4937018,9.1880325,Zone 9,1405.9
45.4918116,9.188719,Zone 9,1406.1
45.4930183,9.1883609,Zone 9,1405.9
45.4921349,9.1888927,Zone 9,1406.1
45.4924321,9.1888657,Zone 9,1406.1
45.5215396,9.1677002,Zone 9,1404.6
45.5218,9.1679161,Zone 9,1404.6
45.5054008,9.1655543,Zone 9,1405.4
45.5068463,9.1663326,Zone 9,1405.4
45.5054515,9.1658116,Zone 9,1405.4
45.5057015,9.1661307,Zone 9,1405.4
45.52109,9.1649006,Zone 9,1404.8
45.5210943,9.1647468,Zone 9,1404.8
45.5211608,9.1646581,Zone 9,1404.8
45.4882635,9.188731,Zone 9,1406.3
45.4870402,9.188603,Zone 9,1406.5
45.4887645,9.1912705,Zone 9,1406.5
45.488097,9.1886929,Zone 9,1406.3
45.488411,9.1891153,Zone 9,1406.3
45.4858724,9.1868946,Zone 9,1406.2
45.5189647,9.1851658,Zone 9,1404.2
45.4876255,9.1875046,Zone 9,1406.3
45.4888438,9.1892082,Zone 9,1406.3
45.4881372,9.1897826,Zone 9,1406.3
45.5037844,9.165088,Zone 9,1405.6
45.4859277,9.1869256,Zone 9,1406.2
45.4866123,9.1904905,Zone 9,1406.6
45.4860425,9.1883419,Zone 9,1406.5
45.4864655,9.1883675,Zone 9,1406.5
45.4867373,9.1912629,Zone 9,1406.6
45.4861685,9.1883768,Zone 9,1406.5
45.4874292,9.1932303,Zone 9,1406.8
45.4877353,9.1918014,Zone 9,1406.5
45.4836925,9.1899846,Zone 9,1406.6
45.4829363,9.1870239,Zone 9,1406.5
45.483028,9.194915,Zone 9,1406.9
45.48293,9.1952991,Zone 9,1406.9
45.4867884,9.1858606,Zone 9,1406.2
45.486859,9.1853403,Zone 9,1406.2
45.4866973,9.1867076,Zone 9,1406.2
45.4864669,9.1869791,Zone 9,1406.2
45.4869267,9.188807,Zone 9,1406.5
45.4867123,9.1885173,Zone 9,1406.5
45.4867002,9.1887446,Zone 9,1406.5
45.4874287,9.1884491,Zone 9,1406.5
45.4871335,9.1868745,Zone 9,1406.2
45.4879373,9.1875906,Zone 9,1406.3
45.4878086,9.1875517,Zone 9,1406.3
45.4881423,9.1882639,Zone 9,1406.3
45.4858373,9.1913196,Zone 9,1406.6
45.4864645,9.1938834,Zone 9,1406.8
45.4875546,9.1949187,Zone 9,1406.4
45.4877502,9.1950703,Zone 9,1406.6
45.4876468,9.1886438,Zone 9,1406.3
45.4886115,9.1891427,Zone 9,1406.3
45.4888963,9.1886814,Zone 9,1406.3
45.4892,9.18741,Zone 9,1406.2
45.4895065,9.1877802,Zone 9,1406.3
45.4891059,9.1884896,Zone 9,1406.3
45.4889791,9.1877761,Zone 9,1406.3
45.4891379,9.1859321,Zone 9,1406.2
45.4895874,9.1858114,Zone 9,1406.2
45.4895356,9.186077,Zone 9,1406.2
45.4895582,9.1869755,Zone 9,1406.2
45.4904965,9.1886948,Zone 9,1406.1
45.4902736,9.1885848,Zone 9,1406.1
45.4908158,9.1873379,Zone 9,1406
45.491411,9.1863829,Zone 9,1406
45.4912822,9.1877493,Zone 9,1406.1
45.4921705,9.1877409,Zone 9,1406.1
45.4907057,9.1837862,Zone 9,1405.9
45.5287342,9.1718248,Zone 9,1404.8
45.5188181,9.1704859,Zone 9,1404.6
45.4824915,9.1884599,Zone 9,1407.2
45.4826408,9.1895252,Zone 9,1406.6
45.4962176,9.1800165,Zone 9,1405.6
45.4850248,9.18489,Zone 9,1406.1
45.4848786,9.1824757,Zone 9,1406.4
45.4852203,9.1823286,Zone 9,1406.2
45.4952077,9.1771552,Zone 9,1405.7
45.4945418,9.1847273,Zone 9,1405.7
45.4946806,9.1855506,Zone 9,1405.8
45.4942978,9.1856637,Zone 9,1405.8
45.4942815,9.1857262,Zone 9,1405.8
45.4945005,9.1861975,Zone 9,1405.8
45.4969008,9.1887331,Zone 9,1405.7
45.483016,9.1911647,Zone 9,1406.8
45.5305576,9.1711882,Zone 9,1404.8
45.4843282,9.1869209,Zone 9,1406.5
45.4845566,9.1865906,Zone 9,1406.5
45.4846054,9.1871892,Zone 9,1406.5
45.4846533,9.1868884,Zone 9,1406.5
45.4846634,9.186693,Zone 9,1406.5
45.4847613,9.1857915,Zone 9,1406.5
45.4848331,9.1868113,Zone 9,1406.5
45.4848719,9.1870705,Zone 9,1406.5
45.4849688,9.1873152,Zone 9,1406.5
45.4850412,9.1873214,Zone 9,1406.2
45.4851117,9.1871892,Zone 9,1406.2
45.5254998,9.1721379,Zone 9,1404.7
45.5262754,9.171255,Zone 9,1404.7
45.5286127,9.1732144,Zone 9,1404.7
45.4845945,9.18698,Zone 9,1406.5
45.4840958,9.1866516,Zone 9,1406.5
45.4841074,9.1865708,Zone 9,1406.5
45.485209,9.1876084,Zone 9,1406.5
45.502967,9.1619773,Zone 9,1405.7
45.4837715,9.1849563,Zone 9,1406.4
45.4838752,9.1849906,Zone 9,1406.4
45.4838703,9.1851261,Zone 9,1406.5
45.4832755,9.1871102,Zone 9,1406.5
45.4835941,9.188352,Zone 9,1406.6
45.5039512,9.1658458,Zone 9,1405.6
45.4838945,9.1914442,Zone 9,1406.8
45.4838409,9.1905927,Zone 9,1406.8
45.5229686,9.1766857,Zone 9,1404.4
45.5228709,9.1766213,Zone 9,1404.4
45.5225671,9.1779584,Zone 9,1404.4
45.5238789,9.1658642,Zone 9,1404.6
45.4992118,9.1580151,Zone 9,1406.1
45.4955048,9.1733814,Zone 9,1405.9
45.5124553,9.1564858,Zone 9,1405.3
45.51249,9.1574933,Zone 9,1405.3
45.512584,9.1579586,Zone 9,1405.1
45.5147726,9.159246,Zone 9,1405.1
45.5147883,9.1587903,Zone 9,1405.1
45.5132792,9.1608898,Zone 9,1404.9
45.5213868,9.1480303,Zone 9,1405.2
45.4838133,9.1869691,Zone 9,1406.5
45.4855368,9.1892316,Zone 9,1406.5
45.5075752,9.1652862,Zone 9,1405.2
45.5018384,9.1661288,Zone 9,1405.7
45.5206112,9.1960718,Zone 9,1404.4
45.4895296,9.1888504,Zone 9,1406.3
45.4892583,9.1865705,Zone 9,1406.2
45.5160365,9.1808143,Zone 9,1404.3
45.4820061,9.187321,Zone 9,1407
45.4826511,9.1911109,Zone 9,1406.8
45.4826603,9.1910646,Zone 9,1406.8
45.4826964,9.1893616,Zone 9,1406.6
45.4826881,9.191025,Zone 9,1406.8
45.4828441,9.1892569,Zone 9,1406.6
45.482874,9.1898309,Zone 9,1406.6
45.482895,9.1876896,Zone 9,1406.6
45.4829922,9.1876814,Zone 9,1406.6
45.4831784,9.1880054,Zone 9,1406.6
45.4832076,9.1880068,Zone 9,1406.6
45.4833055,9.1879854,Zone 9,1406.6
45.4819975,9.1897703,Zone 9,1407.2
45.4827927,9.1912279,Zone 9,1406.8
45.4816615,9.1894205,Zone 9,1407.2
45.4823235,9.1894011,Zone 9,1407.2
45.4816655,9.1891998,Zone 9,1407.2
45.481553,9.1884753,Zone 9,1407.2
45.4827362,9.188731,Zone 9,1406.6
45.4827644,9.188624,Zone 9,1406.6
45.4819727,9.1883773,Zone 9,1407.2
45.4823551,9.1877484,Zone 9,1407.2
45.4825948,9.1872054,Zone 9,1406.5
45.4825218,9.1871885,Zone 9,1406.5
45.4821388,9.1875233,Zone 9,1407.2
45.4820699,9.1875099,Zone 9,1407.2
45.4819477,9.1871335,Zone 9,1407
45.4815283,9.1870113,Zone 9,1407
45.4818896,9.1874681,Zone 9,1407
45.4815582,9.1873551,Zone 9,1407
45.4816726,9.1873922,Zone 9,1407
45.524412,9.1790697,Zone 9,1404.4
45.5170106,9.1685746,Zone 9,1404.6
45.5089693,9.172782,Zone 9,1404.9
45.5264607,9.1700978,Zone 9,1404.7
45.5224852,9.2015995,Zone 9,1404.4
45.5259009,9.2019521,Zone 9,1404.6
45.526328,9.1980264,Zone 9,1404.5
45.526339,9.1985036,Zone 9,1404.5
45.5264705,9.1991398,Zone 9,1404.5
45.526526,9.1979743,Zone 9,1404.5
45.5267334,9.1978993,Zone 9,1404.5
45.5269764,9.1978236,Zone 9,1404.5
45.5270333,9.1959871,Zone 9,1404.5
45.5276693,9.1964654,Zone 9,1404.6
45.5276999,9.1964448,Zone 9,1404.6
45.5280921,9.199827,Zone 9,1404.6
45.5283347,9.2012326,Zone 9,1404.6
45.5283608,9.2008825,Zone 9,1404.6
45.5283733,9.2012391,Zone 9,1404.6
45.528412,9.2012455,Zone 9,1404.6
45.5284438,9.2012618,Zone 9,1404.6
45.5185759,9.1924958,Zone 9,1404.3
45.519531,9.1970073,Zone 9,1404.4
45.5195956,9.1968752,Zone 9,1404.4
45.5197468,9.1967394,Zone 9,1404.4
45.519784,9.1967232,Zone 9,1404.4
45.5198336,9.1967084,Zone 9,1404.4
45.5198781,9.1966922,Zone 9,1404.4
45.519938,9.1966332,Zone 9,1404.4
45.5202101,9.1966253,Zone 9,1404.4
45.5208731,9.1964004,Zone 9,1404.4
45.521093,9.1962453,Zone 9,1404.4
45.5211747,9.1966216,Zone 9,1404.4
45.5216988,9.1981355,Zone 9,1404.5
45.521712,9.1985994,Zone 9,1404.5
45.4927466,9.1854234,Zone 9,1405.8
45.4930568,9.185748,Zone 9,1405.8
45.4926356,9.1854582,Zone 9,1405.8
45.5227611,9.1845129,Zone 9,1404.3
45.5239945,9.187676,Zone 9,1404.4
45.5241023,9.1879528,Zone 9,1404.4
45.5242854,9.1884395,Zone 9,1404.4
45.5244187,9.1926657,Zone 9,1404.4
45.5246598,9.1893852,Zone 9,1404.4
45.524706,9.1895606,Zone 9,1404.4
45.5250466,9.190559,Zone 9,1404.5
45.5192368,9.1782585,Zone 9,1404.4
45.5204265,9.1778253,Zone 9,1404.2
45.5212056,9.1780815,Zone 9,1404.2
45.5213511,9.1806971,Zone 9,1404.3
45.5218369,9.182795,Zone 9,1404.3
45.5218393,9.1828581,Zone 9,1404.3
45.5225375,9.1833542,Zone 9,1404.3
45.5225628,9.1833853,Zone 9,1404.3
45.5227265,9.1838896,Zone 9,1404.3
45.4975689,9.1840142,Zone 9,1405.4
45.4976698,9.1862247,Zone 9,1405.5
45.4976924,9.1856535,Zone 9,1405.5
45.4978529,9.1861097,Zone 9,1405.5
45.497866,9.1860622,Zone 9,1405.5
45.4979108,9.1860246,Zone 9,1405.5
45.4979433,9.1860371,Zone 9,1405.5
45.4979775,9.1860634,Zone 9,1405.5
45.5138993,9.1791367,Zone 9,1404.5
45.5157107,9.1795108,Zone 9,1404.3
45.5159653,9.1807756,Zone 9,1404.3
45.5161689,9.1814976,Zone 9,1404.3
45.5166609,9.1821852,Zone 9,1404.3
45.5167902,9.1820042,Zone 9,1404.3
45.5168361,9.181749,Zone 9,1404.3
45.5040967,9.164027,Zone 9,1405.6
45.4986263,9.1661944,Zone 9,1405.9
45.4971299,9.183472,Zone 9,1405.5
45.4971165,9.1826472,Zone 9,1405.5
45.4981114,9.1880227,Zone 9,1405.5
45.4981322,9.1879443,Zone 9,1405.5
45.4981564,9.187861,Zone 9,1405.5
45.4981725,9.1869213,Zone 9,1405.5
45.4981742,9.1877805,Zone 9,1405.5
45.4982039,9.1876809,Zone 9,1405.5
45.4982267,9.187599,Zone 9,1405.5
45.4982465,9.1875241,Zone 9,1405.5
45.4982738,9.187447,Zone 9,1405.5
45.4982999,9.1861718,Zone 9,1405.5
45.498355,9.1871601,Zone 9,1405.5
45.4983845,9.1864088,Zone 9,1405.5
45.4989363,9.186048,Zone 9,1405.5
45.4990639,9.1858718,Zone 9,1405.5
45.5047422,9.1839477,Zone 9,1405.1
45.5047712,9.1839943,Zone 9,1405.1
45.5047832,9.1839081,Zone 9,1405.1
45.5048098,9.1839546,Zone 9,1405.1
45.5052134,9.1850907,Zone 9,1404.9
45.5129522,9.178222,Zone 9,1404.5
45.5131333,9.1781857,Zone 9,1404.5
45.5136093,9.1780793,Zone 9,1404.5
45.5196456,9.1765904,Zone 9,1404.4
45.5199055,9.1763114,Zone 9,1404.4
45.5206252,9.1753116,Zone 9,1404.4
45.520967,9.172494,Zone 9,1404.5
45.5210038,9.1724519,Zone 9,1404.5
45.5214016,9.1737848,Zone 9,1404.5
45.5216031,9.1734558,Zone 9,1404.5
45.5224828,9.1743224,Zone 9,1404.5
45.5209572,9.1779756,Zone 9,1404.2
45.5215256,9.1767593,Zone 9,1404.4
45.5215688,9.176777,Zone 9,1404.4
45.5216727,9.1765319,Zone 9,1404.4
45.5217151,9.1765694,Zone 9,1404.4
45.5217385,9.1776811,Zone 9,1404.2
45.5217648,9.1773995,Zone 9,1404.4
45.5217752,9.176531,Zone 9,1404.4
45.5227129,9.1837518,Zone 9,1404.3
45.5231371,9.1747787,Zone 9,1404.6
45.525734,9.2024945,Zone 9,1404.6
45.52574,9.2025568,Zone 9,1404.6
45.5265291,9.2032063,Zone 9,1404.6
45.5268995,9.2034836,Zone 9,1404.6
45.5256223,9.1732801,Zone 9,1404.6
45.5256223,9.1733069,Zone 9,1404.6
45.4887455,9.1872503,Zone 9,1406.2
45.5304416,9.1676652,Zone 9,1404.8
45.5285367,9.1695687,Zone 9,1404.8
45.5288478,9.1710109,Zone 9,1404.8
45.5307802,9.1693638,Zone 9,1404.8
45.5156828,9.1669696,Zone 9,1404.7
45.5172453,9.166702,Zone 9,1404.7
45.5172453,9.1667424,Zone 9,1404.7
45.5172977,9.1671833,Zone 9,1404.7
45.5173015,9.167251,Zone 9,1404.7
45.5173325,9.1669767,Zone 9,1404.7
45.5173574,9.1669735,Zone 9,1404.7
45.517662,9.1671418,Zone 9,1404.6
45.5178814,9.1708729,Zone 9,1404.6
45.517964,9.1670983,Zone 9,1404.6
45.5179685,9.1671758,Zone 9,1404.6
45.5181375,9.1670877,Zone 9,1404.6
45.5181394,9.1671762,Zone 9,1404.6
45.5191791,9.1689947,Zone 9,1404.5
45.5196185,9.1698098,Zone 9,1404.5
45.5129553,9.1741325,Zone 9,1404.6
45.5191553,9.1768522,Zone 9,1404.4
45.5135867,9.1779222,Zone 9,1404.5
45.5136551,9.1745871,Zone 9,1404.6
45.51368,9.1745869,Zone 9,1404.6
45.5135725,9.174452,Zone 9,1404.6
45.5135748,9.1744827,Zone 9,1404.6
45.5135804,9.1744161,Zone 9,1404.6
45.5135834,9.1745172,Zone 9,1404.6
45.5135953,9.174547,Zone 9,1404.6
45.5136085,9.1743599,Zone 9,1404.6
45.5136115,9.1745678,Zone 9,1404.6
45.513632,9.1743467,Zone 9,1404.6
45.513633,9.1745815,Zone 9,1404.6
45.5136522,9.1743396,Zone 9,1404.6
45.5137052,9.1743514,Zone 9,1404.6
45.5137237,9.174555,Zone 9,1404.6
45.5137254,9.1743698,Zone 9,1404.6
45.5137383,9.174393,Zone 9,1404.6
45.5137416,9.1745286,Zone 9,1404.6
45.5137476,9.174496,Zone 9,1404.6
45.5137499,9.1744341,Zone 9,1404.6
45.5137532,9.1744634,Zone 9,1404.6
45.5169937,9.1713465,Zone 9,1404.5
45.5171978,9.1712504,Zone 9,1404.5
45.5182163,9.1709133,Zone 9,1404.6
45.5190397,9.1703651,Zone 9,1404.6
45.5178719,9.1693469,Zone 9,1404.5
45.4952497,9.1867821,Zone 9,1405.6
45.495252,9.1868312,Zone 9,1405.6
45.5255625,9.214033,Zone 9,1404.7
45.525805,9.2139242,Zone 9,1404.7
45.5258717,9.2133223,Zone 9,1404.7
45.52582,9.2135007,Zone 9,1404.7
45.5018126,9.1593698,Zone 9,1405.9
45.5018614,9.1592719,Zone 9,1405.9
45.5018128,9.1592343,Zone 9,1405.9
45.5018762,9.1591326,Zone 9,1405.9
45.5017807,9.1594857,Zone 9,1405.9
45.5045261,9.1643946,Zone 9,1405.6
45.5047239,9.1643194,Zone 9,1405.6
45.5048785,9.1642492,Zone 9,1405.6
45.5055835,9.1663739,Zone 9,1405.4
45.5057645,9.1662712,Zone 9,1405.4
45.5084785,9.167758,Zone 9,1405.1
45.5090259,9.1723538,Zone 9,1405.1
45.4964096,9.1814576,Zone 9,1405.6
45.4861231,9.185131,Zone 9,1406.2
45.4861815,9.1857199,Zone 9,1406.2
45.4858933,9.1849476,Zone 9,1406.1
45.4859332,9.1865574,Zone 9,1406.2
45.4859517,9.1854921,Zone 9,1406.2
45.4859747,9.1864719,Zone 9,1406.2
45.4860062,9.1850282,Zone 9,1406.2
45.4860666,9.1856143,Zone 9,1406.2
45.486238,9.1852532,Zone 9,1406.2
45.486245,9.1848427,Zone 9,1406.1
45.4862652,9.1858116,Zone 9,1406.2
45.4864157,9.1844638,Zone 9,1406.1
45.4864366,9.1854504,Zone 9,1406.2
45.4851468,9.185281,Zone 9,1406.2
45.4851653,9.1855908,Zone 9,1406.2
45.4854808,9.1858769,Zone 9,1406.2
45.4855115,9.1851199,Zone 9,1406.2
45.485549,9.186388,Zone 9,1406.2
45.4855719,9.1846615,Zone 9,1406.1
45.4855738,9.1867003,Zone 9,1406.2
45.4855899,9.1859797,Zone 9,1406.2
45.4856415,9.1858422,Zone 9,1406.2
45.4856561,9.186488,Zone 9,1406.2
45.4856829,9.1847587,Zone 9,1406.1
45.4856834,9.1860963,Zone 9,1406.2
45.4856867,9.1868319,Zone 9,1406.2
45.485717,9.1867505,Zone 9,1406.2
45.4857219,9.1853088,Zone 9,1406.2
45.4855344,9.1857283,Zone 9,1406.2
45.4858348,9.1853893,Zone 9,1406.2
45.4858598,9.1867302,Zone 9,1406.2
45.4858839,9.1863769,Zone 9,1406.2
45.48579,9.1848587,Zone 9,1406.1
45.4863588,9.1849599,Zone 9,1406.1
45.4865359,9.1845743,Zone 9,1406.1
45.4852403,9.1853921,Zone 9,1406.2
45.485251,9.1860547,Zone 9,1406.2
45.4852607,9.1857019,Zone 9,1406.2
45.485307,9.1849198,Zone 9,1406.1
45.4853455,9.1854977,Zone 9,1406.2
45.4853645,9.1864646,Zone 9,1406.2
45.4853659,9.1857963,Zone 9,1406.2
45.4854005,9.1850226,Zone 9,1406.2
45.485475,9.186238,Zone 9,1406.2
45.4857521,9.1866727,Zone 9,1406.2
45.485769,9.1866352,Zone 9,1406.2
45.4857844,9.186949,Zone 9,1406.2
45.4849423,9.1857338,Zone 9,1406.5
45.4850504,9.1858491,Zone 9,1406.2
45.4850572,9.1854755,Zone 9,1406.2
45.4851458,9.1859602,Zone 9,1406.2
45.4854428,9.1856171,Zone 9,1406.2
45.4854746,9.1865864,Zone 9,1406.2
45.4854784,9.1845587,Zone 9,1406.1
45.4856186,9.1852199,Zone 9,1406.2
45.4853659,9.1861352,Zone 9,1406.2
45.5032569,9.1610227,Zone 9,1405.7
45.5032929,9.1610052,Zone 9,1405.7
45.5102792,9.1760295,Zone 9,1404.7
45.5297599,9.2113687,Zone 9,1404.6
45.5297738,9.2115062,Zone 9,1404.6
45.5105777,9.1761232,Zone 9,1404.7
45.5034022,9.1768831,Zone 9,1405.3
45.4983836,9.1762553,Zone 9,1405.6
45.4992029,9.1786144,Zone 9,1405.4
45.5026206,9.1773648,Zone 9,1405.3
45.5042577,9.1770992,Zone 9,1405.3
45.5089431,9.1737802,Zone 9,1404.9
45.5089873,9.1739011,Zone 9,1404.9
45.5134641,9.1742325,Zone 9,1404.6
45.5159081,9.2138245,Zone 9,1404.8
45.5180284,9.1710673,Zone 9,1404.6
45.4817197,9.1949536,Zone 9,1407.4
45.4824773,9.1932363,Zone 9,1407.4
45.4831631,9.1910362,Zone 9,1406.8
45.486956,9.1964938,Zone 9,1406.7
45.5088235,9.1890709,Zone 9,1404.9
45.5068777,9.1878324,Zone 9,1404.9
45.5075087,9.1881362,Zone 9,1404.9
45.5167293,9.213483,Zone 9,1404.8
45.5148204,9.187896,Zone 9,1404.5
45.5149331,9.1890979,Zone 9,1404.5
45.489007,9.1872235,Zone 9,1406.2
45.5160477,9.1716931,Zone 9,1404.5
45.4940087,9.1884114,Zone 9,1405.9
45.5243147,9.1747859,Zone 9,1404.6
45.5244368,9.1757139,Zone 9,1404.4
45.4826179,9.1850085,Zone 9,1406.5
45.4823078,9.1843767,Zone 9,1406.9
45.4828177,9.1862264,Zone 9,1406.5
45.483458,9.1866062,Zone 9,1406.5
45.4836373,9.1849489,Zone 9,1406.4
45.483149,9.1870322,Zone 9,1406.5
45.482086,9.1859552,Zone 9,1407
45.4838294,9.1850322,Zone 9,1406.5
45.4838629,9.1851085,Zone 9,1406.5
45.4838692,9.1849636,Zone 9,1406.4
45.4838736,9.1851522,Zone 9,1406.5
45.4839027,9.1873143,Zone 9,1406.5
45.483927,9.1873359,Zone 9,1406.5
45.4838482,9.1850828,Zone 9,1406.5
45.4838766,9.1851839,Zone 9,1406.5
45.4819861,9.1861238,Zone 9,1407
45.4821267,9.1859627,Zone 9,1407
45.4821888,9.184857,Zone 9,1406.9
45.4823171,9.1863036,Zone 9,1407
45.4823795,9.1838017,Zone 9,1406.9
45.4827781,9.1858712,Zone 9,1406.5
45.4838433,9.1849775,Zone 9,1406.4
45.4836562,9.1849309,Zone 9,1406.4
45.4836803,9.1849256,Zone 9,1406.4
45.4836896,9.1849839,Zone 9,1406.4
45.4837128,9.1849322,Zone 9,1406.4
45.4837412,9.184945,Zone 9,1406.4
45.4837242,9.1849854,Zone 9,1406.4
45.4838636,9.1849392,Zone 9,1406.4
45.4836952,9.1862007,Zone 9,1406.5
45.5150308,9.1866828,Zone 9,1404.2
45.5188485,9.1845169,Zone 9,1404.2
45.5148441,9.2122769,Zone 9,1404.9
45.5038433,9.1631722,Zone 9,1405.6
45.5002058,9.17888,Zone 9,1405.3
45.4896876,9.187804,Zone 9,1406.3
45.5027695,9.1637105,Zone 9,1405.6
45.5210284,9.1714152,Zone 9,1404.5
45.5058909,9.1849679,Zone 9,1404.9
45.5068698,9.187323,Zone 9,1404.9
45.5188285,9.1843759,Zone 9,1404.2
45.5209762,9.1840042,Zone 9,1404.3
45.5242032,9.1818949,Zone 9,1404.3
45.5233578,9.1751623,Zone 9,1404.4
45.5287065,9.1718178,Zone 9,1404.8
45.5264708,9.1861646,Zone 9,1404.3
45.5205968,9.1521014,Zone 9,1405.1
45.5206068,9.1520815,Zone 9,1405.1
45.5221281,9.1552904,Zone 9,1405
45.483618,9.1818463,Zone 9,1406.4
45.4830186,9.1817603,Zone 9,1406.4
45.4842961,9.1849218,Zone 9,1406.4
45.4842934,9.1852117,Zone 9,1406.5
45.4843213,9.184901,Zone 9,1406.4
45.4844089,9.1824578,Zone 9,1406.4
45.4844767,9.184514,Zone 9,1406.4
45.4839305,9.1818273,Zone 9,1406.4
45.483968,9.1840397,Zone 9,1406.4
45.4832212,9.1817917,Zone 9,1406.4
45.4833807,9.1829195,Zone 9,1406.4
45.4831282,9.1817696,Zone 9,1406.4
45.4838976,9.1821395,Zone 9,1406.4
45.4844776,9.1846369,Zone 9,1406.4
45.4844785,9.1844338,Zone 9,1406.4
45.4845179,9.184691,Zone 9,1406.4
45.4837152,9.1818776,Zone 9,1406.4
45.4838956,9.182366,Zone 9,1406.4
45.4839077,9.1840358,Zone 9,1406.4
45.4839894,9.182801,Zone 9,1406.4
45.4841119,9.1849332,Zone 9,1406.4
45.4842405,9.1849634,Zone 9,1406.4
45.4842511,9.1849937,Zone 9,1406.4
45.4842431,9.1848973,Zone 9,1406.4
45.4844785,9.184677,Zone 9,1406.4
45.4849652,9.1822264,Zone 9,1406.4
45.4851879,9.1821104,Zone 9,1406.2
45.4842643,9.1849199,Zone 9,1406.4
45.4846864,9.1855443,Zone 9,1406.5
45.4844757,9.1844725,Zone 9,1406.4
45.4844795,9.1847331,Zone 9,1406.4
45.4854175,9.1822257,Zone 9,1406.2
45.4877272,9.1875031,Zone 9,1406.3
45.5278005,9.1666476,Zone 9,1404.8
45.5280531,9.1674273,Zone 9,1404.8
45.521396,9.1672779,Zone 9,1404.6
45.4831971,9.1911126,Zone 9,1406.8
45.4816943,9.1915051,Zone 9,1407.3
45.4817979,9.192043,Zone 9,1407.3
45.4819577,9.1917963,Zone 9,1407.3
45.4822148,9.193256,Zone 9,1407.4
45.4824236,9.1930431,Zone 9,1407.4
45.4807705,9.1926856,Zone 9,1407.4
45.4804891,9.1941931,Zone 9,1407.4
45.481182,9.1941311,Zone 9,1407.4
45.4810239,9.1927387,Zone 9,1407.4
45.4809065,9.1930177,Zone 9,1407.4
45.4812083,9.1942028,Zone 9,1407.4
45.4821605,9.193203,Zone 9,1407.4
45.4807066,9.1934987,Zone 9,1407.4
45.4809075,9.1949138,Zone 9,1407.4
45.4810351,9.194604,Zone 9,1407.4
45.4820548,9.1932191,Zone 9,1407.4
45.4829191,9.1896391,Zone 9,1406.6
45.5135918,9.1743379,Zone 9,1404.6
45.51356,9.1743857,Zone 9,1404.6
45.5136198,9.1745523,Zone 9,1404.6
45.5137557,9.1744515,Zone 9,1404.6
45.5206458,9.1692006,Zone 9,1404.6
45.5206458,9.1692123,Zone 9,1404.6
45.5206696,9.1692187,Zone 9,1404.6
45.5216464,9.1681453,Zone 9,1404.6
45.5216584,9.1681383,Zone 9,1404.6
45.5216636,9.1681709,Zone 9,1404.6
45.5216773,9.1681659,Zone 9,1404.6
45.5337528,9.1725892,Zone 9,1404.7
45.4877584,9.1911135,Zone 9,1406.5
45.4883623,9.1895636,Zone 9,1406.3
45.4868193,9.1887817,Zone 9,1406.5
45.4872719,9.1888486,Zone 9,1406.5
45.4876495,9.1914492,Zone 9,1406.5
45.4874506,9.1910656,Zone 9,1406.6
45.4860034,9.1885217,Zone 9,1406.5
45.4850047,9.1835003,Zone 9,1406.1
45.4868492,9.1887308,Zone 9,1406.5
45.4868246,9.188725,Zone 9,1406.5
45.4888747,9.1901378,Zone 9,1406.5
45.4875301,9.1911929,Zone 9,1406.5
45.4891702,9.1907136,Zone 9,1406.5
45.4890583,9.1903194,Zone 9,1406.5
45.4906146,9.1892398,Zone 9,1406.1
45.4890529,9.189085,Zone 9,1406.3
45.4899322,9.1892365,Zone 9,1406.3
45.4898963,9.1889095,Zone 9,1406.3
45.4896123,9.1888767,Zone 9,1406.3
45.4896986,9.1888883,Zone 9,1406.3
45.4896756,9.1892372,Zone 9,1406.3
45.4890289,9.1891792,Zone 9,1406.3
45.4900854,9.1899222,Zone 9,1406.1
45.4888359,9.1906893,Zone 9,1406.5
45.4886398,9.1913071,Zone 9,1406.5
45.4887169,9.1909535,Zone 9,1406.5
45.4862814,9.196275,Zone 9,1406.7
45.4857036,9.1960529,Zone 9,1406.7
45.485854,9.1963227,Zone 9,1406.7
45.4873334,9.1958412,Zone 9,1406.7
45.4860424,9.1959558,Zone 9,1406.7
45.4864615,9.1957816,Zone 9,1406.7
45.4875554,9.1958281,Zone 9,1406.6
45.4822096,9.1847751,Zone 9,1406.9
45.4819605,9.1946894,Zone 9,1407.4
45.4818022,9.1944257,Zone 9,1407.4
45.4866044,9.1966692,Zone 9,1406.7
45.4956062,9.1831755,Zone 9,1405.5
45.5169114,9.2129556,Zone 9,1404.8
45.4819659,9.1923064,Zone 9,1407.3
45.5160786,9.1806072,Zone 9,1404.3
45.5148158,9.1694856,Zone 9,1404.8
45.5135083,9.1739841,Zone 9,1404.6
45.5135099,9.1739909,Zone 9,1404.6
45.5135172,9.1739807,Zone 9,1404.6
45.513519,9.1739874,Zone 9,1404.6
45.4837109,9.1885197,Zone 9,1406.6
45.4827558,9.1881361,Zone 9,1406.6
45.4802283,9.1933363,Zone 9,1407.4
45.5222237,9.1676981,Zone 9,1404.6
45.5221739,9.2167592,Zone 9,1404.6
45.5215875,9.2164608,Zone 9,1404.6
45.4984079,9.1867559,Zone 9,1405.5
45.5101403,9.1964782,Zone 9,1404.9
45.5100882,9.1964867,Zone 9,1404.9
45.5101643,9.1961284,Zone 9,1404.9
45.4892647,9.1831976,Zone 9,1406.1
45.4896401,9.1830758,Zone 9,1406.1
45.4893611,9.1854789,Zone 9,1406.2
45.4889029,9.1827494,Zone 9,1406.1
45.4894684,9.1833367,Zone 9,1406.1
45.4893324,9.182939,Zone 9,1406.1
45.4889294,9.1839905,Zone 9,1406.1
45.4870994,9.1841064,Zone 9,1406.1
45.4877341,9.1827064,Zone 9,1406.1
45.4889197,9.1845424,Zone 9,1406.1
45.4891239,9.1853448,Zone 9,1406.2
45.4892114,9.1851241,Zone 9,1406.2
45.4892067,9.1830193,Zone 9,1406.1
45.4893458,9.185589,Zone 9,1406.2
45.4894388,9.1836838,Zone 9,1406.1
45.4938657,9.1872392,Zone 9,1405.8
45.4941046,9.1876918,Zone 9,1405.9
45.4941572,9.1875879,Zone 9,1405.9
45.5334456,9.1727159,Zone 9,1404.7
45.5132889,9.2116813,Zone 9,1404.9
45.5133042,9.2116256,Zone 9,1404.9
45.513332,9.2115273,Zone 9,1404.9
45.5133476,9.211473,Zone 9,1404.9
45.5133769,9.2113658,Zone 9,1404.9
45.5133908,9.2113144,Zone 9,1404.9
45.5134585,9.211093,Zone 9,1404.9
45.5134738,9.2110374,Zone 9,1404.9
45.5135017,9.210939,Zone 9,1404.9
45.5135172,9.2108848,Zone 9,1404.9
45.5135499,9.2107714,Zone 9,1404.9
45.5135638,9.21072,Zone 9,1404.9
45.5137275,9.2119432,Zone 9,1404.9
45.5137644,9.2119225,Zone 9,1404.9
45.5137515,9.2118743,Zone 9,1404.9
45.5138094,9.2116599,Zone 9,1404.9
45.5138432,9.2116407,Zone 9,1404.9
45.5138562,9.2115992,Zone 9,1404.9
45.5139017,9.2113401,Zone 9,1404.9
45.5139343,9.2113166,Zone 9,1404.9
45.5139216,9.2112665,Zone 9,1404.9
45.5139814,9.2110506,Zone 9,1404.9
45.5140155,9.2110271,Zone 9,1404.9
45.5140007,9.2109797,Zone 9,1404.9
45.5149011,9.2126032,Zone 9,1405
45.5157943,9.2120152,Zone 9,1404.7
45.5223684,9.2152332,Zone 9,1404.6
45.5224188,9.2152617,Zone 9,1404.6
45.5224693,9.2152902,Zone 9,1404.6
45.5225198,9.2153188,Zone 9,1404.8
45.5225702,9.2153473,Zone 9,1404.8
45.5226207,9.2153759,Zone 9,1404.8
45.5136716,9.2107915,Zone 9,1404.9
45.5139064,9.2109147,Zone 9,1404.9
45.5147627,9.2122281,Zone 9,1404.9
45.5142003,9.2120438,Zone 9,1404.9
45.5144431,9.2111742,Zone 9,1404.9
45.5144836,9.2118522,Zone 9,1404.9
45.5147079,9.2119739,Zone 9,1404.9
45.5147337,9.2118899,Zone 9,1404.9
45.5147797,9.2120159,Zone 9,1404.9
45.5148054,9.2119319,Zone 9,1404.9
45.5155703,9.2116047,Zone 9,1404.7
45.5163616,9.2118506,Zone 9,1404.7
45.5134763,9.2108866,Zone 9,1404.9
45.5135423,9.2106555,Zone 9,1404.9
45.5147382,9.2119912,Zone 9,1404.9
45.514778,9.2119137,Zone 9,1404.9
45.5134079,9.2117412,Zone 9,1404.9
45.5136368,9.2118846,Zone 9,1404.9
45.5142628,9.2124781,Zone 9,1404.9
45.5143131,9.2123138,Zone 9,1404.9
45.5137981,9.2120439,Zone 9,1404.9
45.5138621,9.2118044,Zone 9,1404.9
45.5139309,9.2116018,Zone 9,1404.9
45.5139823,9.211423,Zone 9,1404.9
45.5140406,9.2111504,Zone 9,1404.9
45.5154033,9.2120173,Zone 9,1404.7
45.5155178,9.2120724,Zone 9,1404.7
45.5193268,9.2134481,Zone 9,1404.7
45.5142963,9.2123703,Zone 9,1404.9
45.4855047,9.1881543,Zone 9,1406.5
45.4821435,9.1880415,Zone 9,1407.2
45.4803987,9.19288,Zone 9,1407.4
45.4865452,9.1899719,Zone 9,1406.5
45.5213978,9.2026837,Zone 9,1404.6
45.4906489,9.1815249,Zone 9,1405.9
45.4898106,9.1831493,Zone 9,1406.1
45.49017,9.1830088,Zone 9,1405.9
45.4902216,9.1816087,Zone 9,1405.9
45.4887963,9.1824849,Zone 9,1406
45.4894833,9.1820443,Zone 9,1406
45.4854718,9.1881066,Zone 9,1406.5
45.4854928,9.1880526,Zone 9,1406.5
45.4859262,9.1965321,Zone 9,1406.7
45.4892003,9.1817625,Zone 9,1406
45.4892883,9.1820815,Zone 9,1406
45.4897935,9.18175,Zone 9,1406
45.4899521,9.1832085,Zone 9,1406.1
45.4900796,9.1832892,Zone 9,1405.9
45.4901494,9.1832938,Zone 9,1405.9
45.4901684,9.1812009,Zone 9,1405.9
45.4901698,9.181489,Zone 9,1405.9
45.4902272,9.1833578,Zone 9,1405.9
45.4902863,9.1830277,Zone 9,1405.9
45.4905694,9.1815493,Zone 9,1405.9
45.4906576,9.181408,Zone 9,1405.9
45.5139881,9.2104695,Zone 9,1404.9
45.5145037,9.2107504,Zone 9,1404.9
45.5145158,9.2107561,Zone 9,1404.9
45.5218345,9.2149267,Zone 9,1404.7
45.5218849,9.2149552,Zone 9,1404.7
45.5219354,9.2149837,Zone 9,1404.7
45.5219859,9.2150123,Zone 9,1404.6
45.5220363,9.2150408,Zone 9,1404.6
45.5220868,9.2150694,Zone 9,1404.6
45.5220672,9.2150481,Zone 9,1404.6
45.5027658,9.1609374,Zone 9,1405.7
45.5267403,9.1920727,Zone 9,1404.5
45.4982642,9.1671895,Zone 9,1405.9
45.5036089,9.1714972,Zone 9,1405.4
45.5047689,9.1687626,Zone 9,1405.5
45.4839436,9.1822098,Zone 9,1406.4
45.4945021,9.1806839,Zone 9,1405.7
45.4836557,9.1852487,Zone 9,1406.5
45.5200735,9.196675,Zone 9,1404.4
45.5216839,9.1958676,Zone 9,1404.4
45.5222721,9.1946495,Zone 9,1404.4
45.5222856,9.1946174,Zone 9,1404.4
45.5222377,9.1946078,Zone 9,1404.4
45.5222511,9.1945822,Zone 9,1404.4
45.5223148,9.1948098,Zone 9,1404.4
45.522338,9.1948258,Zone 9,1404.4
45.5222946,9.1948589,Zone 9,1404.4
45.5223193,9.1948771,Zone 9,1404.4
45.5224054,9.1949487,Zone 9,1404.4
45.5224286,9.1949669,Zone 9,1404.4
45.5224226,9.1948963,Zone 9,1404.4
45.5224443,9.1949145,Zone 9,1404.4
45.5224495,9.1954701,Zone 9,1404.4
45.5224241,9.1954766,Zone 9,1404.4
45.5224929,9.1956892,Zone 9,1404.4
45.5224705,9.1956977,Zone 9,1404.4
45.5243047,9.1926569,Zone 9,1404.4
45.5238074,9.1925759,Zone 9,1404.4
45.4837812,9.1889307,Zone 9,1406.6
45.4836809,9.1888687,Zone 9,1406.6
45.5033049,9.1956956,Zone 9,1405.4
45.5053715,9.1799001,Zone 9,1405
45.5142138,9.2081897,Zone 9,1404.9
45.4830344,9.1889627,Zone 9,1406.6
45.4858002,9.1969392,Zone 9,1406.7
45.4865314,9.1972014,Zone 9,1406.7
45.5072078,9.2075749,Zone 9,1405.7
45.5076169,9.2036845,Zone 9,1405.3
45.507063,9.2076124,Zone 9,1405.7
45.5084752,9.209158,Zone 9,1405.4
45.5093686,9.2103242,Zone 9,1405.5
45.4859435,9.190698,Zone 9,1406.6
45.4861679,9.1906312,Zone 9,1406.6
45.4861442,9.1912656,Zone 9,1406.6
45.4855955,9.1915545,Zone 9,1406.6
45.4863963,9.1900955,Zone 9,1406.6
45.4815166,9.1942482,Zone 9,1407.4
45.4820328,9.1934199,Zone 9,1407.4
45.4820766,9.1934524,Zone 9,1407.4
45.482093,9.1931727,Zone 9,1407.4
45.4812911,9.1953063,Zone 9,1407.2
45.4813279,9.1952244,Zone 9,1407.2
45.481354,9.1946061,Zone 9,1407.4
45.4816232,9.1941528,Zone 9,1407.4
45.4811105,9.1951257,Zone 9,1407.2
45.4817007,9.1944352,Zone 9,1407.4
45.4857431,9.1910343,Zone 9,1406.6
45.4857709,9.1913664,Zone 9,1406.6
45.481126,9.1950906,Zone 9,1407.2
45.4812812,9.195346,Zone 9,1407.2
45.4813695,9.194571,Zone 9,1407.4
45.4815302,9.1942151,Zone 9,1407.4
45.4816536,9.1945391,Zone 9,1407.4
45.4816561,9.193256,Zone 9,1407.4
45.4857317,9.1909837,Zone 9,1406.6
45.4858186,9.1912625,Zone 9,1406.6
45.4858399,9.1912441,Zone 9,1406.6
45.4858568,9.1913916,Zone 9,1406.6
45.4858592,9.1911346,Zone 9,1406.6
45.481708,9.1942894,Zone 9,1407.4
45.4817363,9.1943797,Zone 9,1407.4
45.483064,9.1874043,Zone 9,1406.5
45.4857928,9.191406,Zone 9,1406.6
45.4858436,9.192296,Zone 9,1406.6
45.4858562,9.1903573,Zone 9,1406.6
45.4858927,9.1906565,Zone 9,1406.6
45.4859564,9.1906502,Zone 9,1406.6
45.4855103,9.1905512,Zone 9,1406.6
45.4857853,9.1913845,Zone 9,1406.6
45.4858386,9.1912882,Zone 9,1406.6
45.4858733,9.1905333,Zone 9,1406.6
45.4858807,9.1909691,Zone 9,1406.6
45.4859142,9.1917017,Zone 9,1406.6
45.4859237,9.1914777,Zone 9,1406.6
45.4860664,9.1914702,Zone 9,1406.6
45.4860897,9.1914442,Zone 9,1406.6
45.4860821,9.1905206,Zone 9,1406.6
45.4861636,9.1916071,Zone 9,1406.6
45.486146,9.1905908,Zone 9,1406.6
45.4858702,9.1914179,Zone 9,1406.6
45.4858979,9.1914556,Zone 9,1406.6
45.4859047,9.1908581,Zone 9,1406.6
45.4859783,9.1906067,Zone 9,1406.6
45.4859971,9.1915015,Zone 9,1406.6
45.4860093,9.1905748,Zone 9,1406.6
45.4860299,9.1914943,Zone 9,1406.6
45.4860287,9.1905564,Zone 9,1406.6
45.4861157,9.1914019,Zone 9,1406.6
45.4861479,9.1912127,Zone 9,1406.6
45.4861159,9.1905466,Zone 9,1406.6
45.4861441,9.1912391,Zone 9,1406.6
45.5035636,9.1690532,Zone 9,1405.5
45.503584,9.1690433,Zone 9,1405.5
45.503807,9.1692918,Zone 9,1405.5
45.503829,9.1692651,Zone 9,1405.5
45.5016405,9.1534766,Zone 9,1406.1
45.487326,9.1911231,Zone 9,1406.6
45.5262046,9.1777331,Zone 9,1404.5
45.4910821,9.1824812,Zone 9,1405.9
45.4916885,9.182267,Zone 9,1405.9
45.4894655,9.1855783,Zone 9,1406.2
45.4915265,9.1842097,Zone 9,1405.9
45.4903397,9.1836978,Zone 9,1405.9
45.4913632,9.1849462,Zone 9,1405.9
45.4895014,9.1856244,Zone 9,1406.2
45.4913093,9.1841357,Zone 9,1405.9
45.4906449,9.183801,Zone 9,1405.9
45.4907984,9.1838651,Zone 9,1405.9
45.4909616,9.183956,Zone 9,1405.9
45.4914095,9.1847285,Zone 9,1405.9
45.4900629,9.1835142,Zone 9,1405.9
45.4902537,9.1827446,Zone 9,1405.9
45.4909649,9.1815966,Zone 9,1405.9
45.4904447,9.1847502,Zone 9,1405.9
45.4906496,9.184342,Zone 9,1405.9
45.4906851,9.1842973,Zone 9,1405.9
45.4907579,9.1838097,Zone 9,1405.9
45.4908276,9.1815372,Zone 9,1405.9
45.4913308,9.1838776,Zone 9,1405.9
45.491791,9.1819614,Zone 9,1405.9
45.4921256,9.1817639,Zone 9,1405.9
45.4902529,9.1847278,Zone 9,1405.9
45.5140302,9.1763925,Zone 9,1404.5
45.5213214,9.1726071,Zone 9,1404.5
45.4856841,9.1921999,Zone 9,1406.6
45.5247994,9.1674649,Zone 9,1404.6
45.5268454,9.1738018,Zone 9,1404.6
45.5149131,9.2118461,Zone 9,1404.9
45.515189,9.2117465,Zone 9,1404.7
45.4870646,9.1888333,Zone 9,1406.5
45.4823995,9.1933805,Zone 9,1407.4
45.4820111,9.1928663,Zone 9,1407.4
45.4997984,9.1653857,Zone 9,1405.9
45.5166915,9.1683457,Zone 9,1404.6
45.5268546,9.2117735,Zone 9,1404.7
45.5249847,9.1703655,Zone 9,1404.6
45.5024062,9.1538977,Zone 9,1406.1
45.4969538,9.1808367,Zone 9,1405.6
45.4936795,9.1805564,Zone 9,1405.7
45.492575,9.1846489,Zone 9,1405.7
45.4839267,9.1891393,Zone 9,1406.6
45.4922563,9.1841894,Zone 9,1405.9
45.4916024,9.1836932,Zone 9,1405.9
45.493407,9.1842186,Zone 9,1405.7
45.5113412,9.2107325,Zone 9,1405.3
45.5086071,9.2082805,Zone 9,1405.4
45.4919549,9.1853765,Zone 9,1406
45.4920447,9.1857936,Zone 9,1406
45.4920241,9.1844035,Zone 9,1405.9
45.4918106,9.1826753,Zone 9,1405.9
45.492291,9.1856367,Zone 9,1406
45.4945101,9.1810278,Zone 9,1405.7
45.4932866,9.1836955,Zone 9,1405.7
45.4930892,9.1824584,Zone 9,1405.7
45.4933749,9.1817808,Zone 9,1405.7
45.4934935,9.1827293,Zone 9,1405.7
45.4924593,9.1856782,Zone 9,1406
45.4926041,9.1853725,Zone 9,1405.8
45.4926144,9.1854757,Zone 9,1405.8
45.4926168,9.1852726,Zone 9,1405.8
45.4926605,9.1852866,Zone 9,1405.8
45.4926826,9.1852491,Zone 9,1405.8
45.4927051,9.1852585,Zone 9,1405.8
45.4919643,9.1853363,Zone 9,1406
45.4921979,9.1849802,Zone 9,1405.9
45.4922515,9.1856528,Zone 9,1406
45.4922675,9.1856427,Zone 9,1406
45.4923691,9.1854824,Zone 9,1406
45.492621,9.1853725,Zone 9,1405.8
45.4919695,9.1855347,Zone 9,1406
45.4921759,9.1849889,Zone 9,1405.9
45.5071752,9.2008012,Zone 9,1405.4
45.4915032,9.1835229,Zone 9,1405.9
45.4926595,9.1854449,Zone 9,1405.8
45.4940368,9.182627,Zone 9,1405.7
45.510051,9.2082659,Zone 9,1405.1
45.5103656,9.2107191,Zone 9,1405.3
45.5104194,9.2075887,Zone 9,1405.1
45.5104453,9.2056565,Zone 9,1405.1
45.5104829,9.2082726,Zone 9,1405.1
45.5106583,9.1999986,Zone 9,1404.8
45.5107259,9.2002453,Zone 9,1405
45.4919921,9.1843443,Zone 9,1405.9
45.4926398,9.1852813,Zone 9,1405.8
45.4931935,9.1824943,Zone 9,1405.7
45.4931898,9.1843044,Zone 9,1405.7
45.5112316,9.2025688,Zone 9,1405
45.5112635,9.2021517,Zone 9,1405
45.5113941,9.202149,Zone 9,1405
45.5119326,9.1998892,Zone 9,1404.8
45.5119853,9.1987815,Zone 9,1404.8
45.5120224,9.2113417,Zone 9,1405.3
45.5120849,9.1993206,Zone 9,1404.8
45.5111987,9.2024052,Zone 9,1405
45.4935207,9.1804504,Zone 9,1405.7
45.5098814,9.2100831,Zone 9,1405.5
45.5111864,9.2024642,Zone 9,1405
45.511217,9.2038358,Zone 9,1405
45.5112912,9.1969173,Zone 9,1404.9
45.4936147,9.1805081,Zone 9,1405.7
45.507611,9.2009421,Zone 9,1405.2
45.4942657,9.1817064,Zone 9,1405.7
45.4942826,9.1815991,Zone 9,1405.7
45.5086066,9.2014342,Zone 9,1405.2
45.5099733,9.2100982,Zone 9,1405.5
45.5098284,9.2006617,Zone 9,1405.2
45.5110267,9.1964003,Zone 9,1404.9
45.5111526,9.1959209,Zone 9,1404.9
45.5100313,9.2095172,Zone 9,1405.1
45.5111822,9.1965277,Zone 9,1404.9
45.510142,9.2105944,Zone 9,1405.3
45.5105342,9.200873,Zone 9,1405
45.5103118,9.2084483,Zone 9,1405.1
45.5103782,9.2009668,Zone 9,1405
45.5110755,9.1955896,Zone 9,1404.9
45.5111723,9.1965666,Zone 9,1404.9
45.5111907,9.2038308,Zone 9,1405
45.5108885,9.2028075,Zone 9,1405
45.5109354,9.2067196,Zone 9,1405.1
45.5110079,9.1964654,Zone 9,1404.9
45.5110177,9.1964298,Zone 9,1404.9
45.5110222,9.2036384,Zone 9,1405
45.5110652,9.1965673,Zone 9,1404.9
45.5112015,9.1958042,Zone 9,1404.9
45.5112119,9.2037579,Zone 9,1405
45.5112654,9.2025889,Zone 9,1405
45.5112785,9.1958243,Zone 9,1404.9
45.511092,9.1965827,Zone 9,1404.9
45.511194,9.1964842,Zone 9,1404.9
45.5111949,9.2025352,Zone 9,1405
45.511303,9.2021007,Zone 9,1405
45.5113159,9.2109478,Zone 9,1405.3
45.5113453,9.2021208,Zone 9,1405
45.5112485,9.2029738,Zone 9,1405
45.5113443,9.195481,Zone 9,1404.9
45.511397,9.1949781,Zone 9,1404.9
45.511272,9.195992,Zone 9,1404.9
45.5128137,9.2118098,Zone 9,1404.9
45.5116075,9.1944604,Zone 9,1404.9
45.5114768,9.1959719,Zone 9,1404.9
45.5114919,9.1958592,Zone 9,1404.9
45.5118504,9.1953201,Zone 9,1404.9
45.5115971,9.2004887,Zone 9,1405
45.5116178,9.2007543,Zone 9,1405
45.5117837,9.1953764,Zone 9,1404.9
45.5118969,9.200018,Zone 9,1405
45.5119721,9.1997551,Zone 9,1404.8
45.5127286,9.1965097,Zone 9,1404.7
45.5129307,9.2128746,Zone 9,1405
45.5132873,9.2123529,Zone 9,1404.9
45.5021059,9.1665983,Zone 9,1405.7
45.4827144,9.1865291,Zone 9,1406.5
45.490855,9.1812015,Zone 9,1405.9
45.5022627,9.1623083,Zone 9,1405.9
45.4890955,9.1885815,Zone 9,1406.3
45.5114344,9.1755477,Zone 9,1404.7
45.4908985,9.1885885,Zone 9,1406.1
45.4954972,9.1890881,Zone 9,1405.7
45.4952423,9.1900388,Zone 9,1405.9
45.495932,9.1922021,Zone 9,1405.9
45.50056,9.1630141,Zone 9,1405.8
45.5011524,9.1652421,Zone 9,1405.7
45.4831789,9.1903027,Zone 9,1406.8
45.4831836,9.1887121,Zone 9,1406.6
45.4839243,9.1896426,Zone 9,1406.6
45.4833961,9.1902517,Zone 9,1406.8
45.4832466,9.1904341,Zone 9,1406.8
45.4840882,9.1895087,Zone 9,1406.6
45.506018,9.1977902,Zone 9,1405.2
45.4977324,9.1700701,Zone 9,1405.7
45.4817337,9.1874108,Zone 9,1407
45.4833007,9.1888676,Zone 9,1406.6
45.4819814,9.1872573,Zone 9,1407
45.5156919,9.2085178,Zone 9,1404.7
45.4860478,9.1902983,Zone 9,1406.6
45.4860609,9.190427,Zone 9,1406.6
45.5073092,9.2038429,Zone 9,1405.5
45.5074279,9.2039029,Zone 9,1405.5
45.4817058,9.1893885,Zone 9,1407.2
45.4822373,9.1895565,Zone 9,1407.2
45.5021424,9.1585574,Zone 9,1405.9
45.5150601,9.2126561,Zone 9,1404.8
45.5219451,9.2162958,Zone 9,1404.6
45.5221571,9.2158596,Zone 9,1404.6
45.514126,9.2055777,Zone 9,1404.8
45.4838586,9.1889392,Zone 9,1406.6
45.4838069,9.1888601,Zone 9,1406.6
45.5217811,9.2162725,Zone 9,1404.6
45.5220358,9.2164251,Zone 9,1404.6
45.5218844,9.2164423,Zone 9,1404.6
45.5152024,9.2113814,Zone 9,1404.7
45.5003611,9.1646555,Zone 9,1405.8
45.5003206,9.1641955,Zone 9,1405.8
45.499814,9.1651665,Zone 9,1405.9
45.5142598,9.2082465,Zone 9,1404.9
45.5180955,9.2086637,Zone 9,1404.6
45.5164881,9.20898,Zone 9,1404.7
45.5147656,9.207718,Zone 9,1404.9
45.5150404,9.2081682,Zone 9,1404.7
45.5168818,9.2092146,Zone 9,1404.7
45.51472,9.207955,Zone 9,1404.9
45.5148576,9.2080596,Zone 9,1404.9
45.5182073,9.2083019,Zone 9,1404.6
45.5176943,9.2100906,Zone 9,1404.7
45.5181236,9.2085736,Zone 9,1404.6
45.5178032,9.2097109,Zone 9,1404.6
45.5149714,9.2059631,Zone 9,1404.8
45.518336,9.207841,Zone 9,1404.6
45.5170303,9.2092991,Zone 9,1404.7
45.5146791,9.2083885,Zone 9,1404.9
45.5149009,9.2070796,Zone 9,1404.8
45.5149328,9.2069442,Zone 9,1404.8
45.5147468,9.2085173,Zone 9,1404.9
45.515219,9.206048,Zone 9,1404.7
45.5159943,9.2064811,Zone 9,1404.7
45.5144366,9.2089162,Zone 9,1404.9
45.5153393,9.2069599,Zone 9,1404.7
45.515219,9.2086242,Zone 9,1404.7
45.5152885,9.206925,Zone 9,1404.7
45.5160535,9.2077512,Zone 9,1404.7
45.5162217,9.2066152,Zone 9,1404.7
45.5179221,9.2098027,Zone 9,1404.6
45.5174748,9.2092737,Zone 9,1404.7
45.5032082,9.1571452,Zone 9,1405.8
45.4884109,9.1843606,Zone 9,1406.1
45.5034402,9.1523871,Zone 9,1405.9
45.5039211,9.1632844,Zone 9,1405.6
45.5022453,9.1594508,Zone 9,1405.9
45.4866529,9.1909349,Zone 9,1406.6
45.5138725,9.1739051,Zone 9,1404.6
45.4932253,9.1867845,Zone 9,1405.8
45.4934053,9.1868858,Zone 9,1405.8
45.4931872,9.1862159,Zone 9,1405.8
45.5185307,9.2128182,Zone 9,1404.7
45.5168097,9.2133245,Zone 9,1404.8
45.518965,9.2145019,Zone 9,1404.7
45.5175328,9.2136763,Zone 9,1404.7
45.4901751,9.1877444,Zone 9,1406.1
45.490554,9.1876183,Zone 9,1406.1
45.4913374,9.1877904,Zone 9,1406.1
45.4904923,9.188507,Zone 9,1406.1
45.5033446,9.1649947,Zone 9,1405.6
45.4931408,9.1882735,Zone 9,1405.9
45.4927794,9.1884974,Zone 9,1405.9
45.4939009,9.1883506,Zone 9,1405.9
45.493588,9.1879365,Zone 9,1405.9
45.4921764,9.1888531,Zone 9,1406.1
45.4920415,9.1878809,Zone 9,1406.1
45.509818,9.2052567,Zone 9,1405.4
45.5086591,9.2023598,Zone 9,1405.2
45.5099956,9.2056656,Zone 9,1405.4
45.5083298,9.2022157,Zone 9,1405.2
45.5077417,9.2032468,Zone 9,1405.3
45.5082116,9.2025574,Zone 9,1405.3
45.5081176,9.2023348,Zone 9,1405.2
45.5091889,9.2062173,Zone 9,1405.4
45.5081127,9.2027052,Zone 9,1405.3
45.5095877,9.2054715,Zone 9,1405.4
45.5093011,9.2050304,Zone 9,1405.4
45.5093795,9.2036277,Zone 9,1405.3
45.5093936,9.2034748,Zone 9,1405.3
45.491013,9.1856719,Zone 9,1406
45.4914033,9.1846272,Zone 9,1405.9
45.4913789,9.1855681,Zone 9,1406
45.4899225,9.1859767,Zone 9,1406.2
45.4966331,9.1880812,Zone 9,1405.7
45.4952088,9.1771729,Zone 9,1405.7
45.4953999,9.1765559,Zone 9,1405.7
45.4954116,9.1765124,Zone 9,1405.7
45.495421,9.1763226,Zone 9,1405.7
45.4960053,9.176216,Zone 9,1405.7
45.4971748,9.1843106,Zone 9,1405.5
45.4950084,9.1842128,Zone 9,1405.5
45.495062,9.1840224,Zone 9,1405.5
45.4956082,9.1819395,Zone 9,1405.6
45.4954446,9.1825683,Zone 9,1405.5
45.4954703,9.1866138,Zone 9,1405.6
45.4942721,9.1874949,Zone 9,1405.8
45.4946454,9.1871851,Zone 9,1405.8
45.4949227,9.1870429,Zone 9,1405.8
45.4951389,9.1869008,Zone 9,1405.6
45.4953565,9.1871663,Zone 9,1405.6
45.4954665,9.1873312,Zone 9,1405.6
45.4957166,9.1876491,Zone 9,1405.7
45.4953208,9.1890036,Zone 9,1405.7
45.494854,9.188453,Zone 9,1405.9
45.4938401,9.1849172,Zone 9,1405.7
45.4941146,9.184971,Zone 9,1405.7
45.4942763,9.1850377,Zone 9,1405.8
45.493511,9.1849736,Zone 9,1405.7
45.4939595,9.1851828,Zone 9,1405.8
45.4937386,9.1872259,Zone 9,1405.8
45.4933527,9.1860974,Zone 9,1405.8
45.4931302,9.1852279,Zone 9,1405.8
45.4944482,9.1862731,Zone 9,1405.8
45.4944322,9.1864528,Zone 9,1405.8
45.4940731,9.1867184,Zone 9,1405.8
45.4948045,9.1767034,Zone 9,1405.9
45.4943435,9.1761075,Zone 9,1405.9
45.4939722,9.1783109,Zone 9,1405.8
45.4954672,9.1801381,Zone 9,1405.6
45.4947745,9.1840698,Zone 9,1405.7
45.5067556,9.1679812,Zone 9,1405.3
45.5048826,9.1689562,Zone 9,1405.5
45.5034933,9.1692348,Zone 9,1405.5
45.4831188,9.1872322,Zone 9,1406.5
45.4830861,9.1851684,Zone 9,1406.5
45.4876112,9.1918087,Zone 9,1406.5
45.4861007,9.1902467,Zone 9,1406.6
45.4806114,9.1938153,Zone 9,1407.4
45.4809055,9.1931116,Zone 9,1407.4
45.500108,9.1816192,Zone 9,1405.2
45.4840159,9.1964633,Zone 9,1406.9
45.5030421,9.1933995,Zone 9,1405.3
45.5005273,9.1881034,Zone 9,1405.3
45.500337,9.1784768,Zone 9,1405.3
45.5024053,9.1570631,Zone 9,1406
45.5024462,9.1567616,Zone 9,1406
45.5023791,9.1537897,Zone 9,1406.1
45.5023896,9.1540322,Zone 9,1406.1
45.5132703,9.2115001,Zone 9,1404.9
45.5130955,9.2115242,Zone 9,1404.9
45.5131697,9.2116745,Zone 9,1404.9
45.5131923,9.2116865,Zone 9,1404.9
45.5133456,9.2113054,Zone 9,1404.9
45.5132899,9.2115049,Zone 9,1404.9
45.5132362,9.2116974,Zone 9,1404.9
45.5075193,9.2040168,Zone 9,1405.3
45.5072121,9.2042525,Zone 9,1405.5
45.5086016,9.2058312,Zone 9,1405.4
45.508611,9.2057535,Zone 9,1405.4
45.5085857,9.205681,Zone 9,1405.4
45.507642,9.2064294,Zone 9,1405.4
45.5072075,9.2043205,Zone 9,1405.5
45.5072631,9.2042595,Zone 9,1405.5
45.5085847,9.2058581,Zone 9,1405.4
45.5086101,9.205791,Zone 9,1405.4
45.5085998,9.2057105,Zone 9,1405.4
45.5085631,9.2056623,Zone 9,1405.4
45.5072586,9.2043274,Zone 9,1405.5
45.5075744,9.2055295,Zone 9,1405.4
45.5068634,9.2064542,Zone 9,1405.6
45.5056885,9.206591,Zone 9,1405.6
45.5058041,9.2066031,Zone 9,1405.6
45.482397,9.1865722,Zone 9,1407
45.4836221,9.1874313,Zone 9,1406.5
45.4836041,9.1874523,Zone 9,1406.5
45.5024596,9.1566743,Zone 9,1406
45.502438,9.1581427,Zone 9,1405.9
45.5022486,9.1590208,Zone 9,1405.9
45.5029027,9.1591269,Zone 9,1405.7
45.5175204,9.2135999,Zone 9,1404.7
45.5021892,9.159309,Zone 9,1405.9
45.5025802,9.1648535,Zone 9,1405.6
45.5142616,9.2087825,Zone 9,1404.9
45.5142737,9.2082048,Zone 9,1404.9
45.5142539,9.2082236,Zone 9,1404.9
45.5286819,9.1632537,Zone 9,1404.9
45.5012234,9.1557857,Zone 9,1406
45.501491,9.1558704,Zone 9,1406
45.5018784,9.1556194,Zone 9,1406
45.5020357,9.1591628,Zone 9,1405.9
45.5172936,9.1876402,Zone 9,1404.4
45.5044432,9.1656141,Zone 9,1405.6
45.5152419,9.213733,Zone 9,1404.8
45.5030218,9.1703916,Zone 9,1405.4
45.4806283,9.1926619,Zone 9,1407.4
45.4804826,9.1924902,Zone 9,1407.3
45.4828056,9.188078,Zone 9,1406.6
45.4899138,9.1895328,Zone 9,1406.3
45.4891965,9.187255,Zone 9,1406.2
45.4886851,9.1875528,Zone 9,1406.3
45.5144217,9.2070661,Zone 9,1404.8
45.5176347,9.1937421,Zone 9,1404.4
45.515308,9.1934162,Zone 9,1404.4
45.5155326,9.194406,Zone 9,1404.4
45.5158061,9.1940077,Zone 9,1404.4
45.5156726,9.1940828,Zone 9,1404.4
45.5155218,9.1939537,Zone 9,1404.4
45.5283252,9.1610649,Zone 9,1404.9
45.4866472,9.1942424,Zone 9,1406.8
45.4825552,9.1879861,Zone 9,1406.6
45.5116215,9.1607707,Zone 9,1405.2
45.5116342,9.1606985,Zone 9,1405.2
45.499008,9.191318,Zone 9,1405.7
45.4987228,9.193681,Zone 9,1405.7
45.4962396,9.1927184,Zone 9,1405.9
45.4970425,9.1932776,Zone 9,1405.9
45.4977945,9.1912918,Zone 9,1405.7
45.504385,9.1714114,Zone 9,1405.4
45.5044145,9.1714564,Zone 9,1405.4
45.504446,9.1715013,Zone 9,1405.4
45.5042824,9.1715012,Zone 9,1405.4
45.5043089,9.1715458,Zone 9,1405.4
45.5043648,9.1716368,Zone 9,1405.4
45.5043408,9.1715989,Zone 9,1405.4
45.5043721,9.1715211,Zone 9,1405.4
45.5043276,9.1711532,Zone 9,1405.4
45.5042036,9.1712805,Zone 9,1405.4
45.5043678,9.1712996,Zone 9,1405.4
45.5042804,9.1711911,Zone 9,1405.4
45.5043654,9.1713448,Zone 9,1405.4
45.5043536,9.1712406,Zone 9,1405.4
45.5048366,9.1720131,Zone 9,1405.4
45.5048671,9.1720193,Zone 9,1405.4
45.5048185,9.1721862,Zone 9,1405.4
45.5048331,9.172233,Zone 9,1405.4
45.5045971,9.1718957,Zone 9,1405.4
45.5045844,9.1719543,Zone 9,1405.4
45.5046105,9.1717265,Zone 9,1405.4
45.5043059,9.1712676,Zone 9,1405.4
45.5048379,9.1707931,Zone 9,1405.4
45.5047694,9.1708339,Zone 9,1405.4
45.5046644,9.1708026,Zone 9,1405.4
45.5043836,9.1713289,Zone 9,1405.4
45.504568,9.1708615,Zone 9,1405.4
45.4989663,9.1763781,Zone 9,1405.6
45.4896812,9.1892852,Zone 9,1406.3
45.5224082,9.2150865,Zone 9,1404.6
45.5222541,9.2144857,Zone 9,1404.7
45.5219402,9.2153718,Zone 9,1404.6
45.5221808,9.2149766,Zone 9,1404.7
45.5222902,9.2155409,Zone 9,1404.6
45.5083893,9.1602834,Zone 9,1405.3
45.508671,9.1602382,Zone 9,1405.3
45.5267281,9.1668811,Zone 9,1404.8
45.5166233,9.1581676,Zone 9,1404.9
45.5266003,9.1775555,Zone 9,1404.5
45.5217432,9.1942229,Zone 9,1404.4
45.4857315,9.1909807,Zone 9,1406.6
45.5303525,9.1719421,Zone 9,1404.8
45.5145792,9.1886102,Zone 9,1404.5
45.4990098,9.1885854,Zone 9,1405.5
45.5189778,9.193648,Zone 9,1404.4
45.5144834,9.1524695,Zone 9,1405.3
45.4855277,9.192918,Zone 9,1406.8
45.5154109,9.1757817,Zone 9,1404.4
45.5015403,9.1956648,Zone 9,1405.6
45.5190977,9.1958949,Zone 9,1404.4
45.5245702,9.2104563,Zone 9,1404.6
45.5286065,9.1669614,Zone 9,1404.8
45.5106541,9.1727482,Zone 9,1404.9
45.4980007,9.1937158,Zone 9,1405.7
45.4927625,9.1854133,Zone 9,1405.8
45.4892367,9.1909174,Zone 9,1406.5
45.5076225,9.1750201,Zone 9,1404.9
45.5076141,9.174063,Zone 9,1404.9
45.5144039,9.1915073,Zone 9,1404.5
45.5139466,9.1767069,Zone 9,1404.5
45.5147082,9.1567597,Zone 9,1405.1
45.4904561,9.181428,Zone 9,1405.9
45.5171397,9.1564415,Zone 9,1405
45.5199839,9.152622,Zone 9,1405
45.5008876,9.1895236,Zone 9,1405.3
45.5064707,9.172461,Zone 9,1405.2
45.5191084,9.2069664,Zone 9,1404.6
45.5163021,9.2041637,Zone 9,1404.6
45.5282338,9.2101322,Zone 9,1404.6
45.5252249,9.1833467,Zone 9,1404.4
45.5267692,9.1648983,Zone 9,1404.9
45.5120474,9.206281,Zone 9,1405.1
45.5131563,9.2050391,Zone 9,1404.8
45.5069279,9.1808066,Zone 9,1404.9
45.5041942,9.1776465,Zone 9,1405.2
45.5155701,9.1939889,Zone 9,1404.4
45.5146936,9.1975422,Zone 9,1404.7
45.5150625,9.1967168,Zone 9,1404.4
45.5191359,9.1730302,Zone 9,1404.5
45.4948133,9.1735571,Zone 9,1405.9
45.5023852,9.1649172,Zone 9,1405.8
45.4989841,9.165489,Zone 9,1405.9
45.5036932,9.1694602,Zone 9,1405.5
45.5040022,9.1691975,Zone 9,1405.5
45.5012312,9.196123,Zone 9,1405.6
45.5157627,9.1661628,Zone 9,1404.7
45.5165503,9.1715491,Zone 9,1404.5
45.5182395,9.1705766,Zone 9,1404.6
45.5172719,9.1699968,Zone 9,1404.6
45.5221321,9.1642619,Zone 9,1404.8
45.4920557,9.1870961,Zone 9,1406
45.5041426,9.1779864,Zone 9,1405.2
45.5041656,9.1779971,Zone 9,1405.2
45.5041916,9.1778891,Zone 9,1405.2
45.5041792,9.1778803,Zone 9,1405.2
45.5039469,9.1780292,Zone 9,1405.2
45.5044198,9.1753874,Zone 9,1405.3
45.4985265,9.194473,Zone 9,1405.7
45.4993349,9.1945629,Zone 9,1405.7
45.4978083,9.1934524,Zone 9,1405.7
45.4975677,9.1935678,Zone 9,1405.7
45.4975879,9.1935805,Zone 9,1405.7
45.4976034,9.1935879,Zone 9,1405.7
45.4976574,9.1934337,Zone 9,1405.7
45.4976664,9.1934082,Zone 9,1405.7
45.4976842,9.1933405,Zone 9,1405.7
45.4976913,9.1933116,Zone 9,1405.7
45.4976509,9.1934578,Zone 9,1405.7
45.4976739,9.1933767,Zone 9,1405.7
45.4977265,9.1936603,Zone 9,1405.7
45.4984325,9.1935316,Zone 9,1405.7
45.4984175,9.1939647,Zone 9,1405.7
45.4983911,9.1937904,Zone 9,1405.7
45.4982558,9.1939111,Zone 9,1405.7
45.4982774,9.193958,Zone 9,1405.7
45.4982652,9.1939299,Zone 9,1405.7
45.4983827,9.1940077,Zone 9,1405.7
45.4984062,9.1939929,Zone 9,1405.7
45.498425,9.1938387,Zone 9,1405.7
45.4984099,9.1938105,Zone 9,1405.7
45.4983235,9.1937837,Zone 9,1405.7
45.4983,9.1937958,Zone 9,1405.7
45.498284,9.1938159,Zone 9,1405.7
45.4982727,9.1938454,Zone 9,1405.7
45.4978036,9.1934846,Zone 9,1405.7
45.4970384,9.1935249,Zone 9,1405.9
45.4970685,9.1919679,Zone 9,1405.9
45.4971287,9.1917211,Zone 9,1405.9
45.4969524,9.1919712,Zone 9,1405.9
45.4963014,9.1924131,Zone 9,1405.9
45.4982783,9.1940331,Zone 9,1405.7
45.4964998,9.1932486,Zone 9,1405.9
45.4964679,9.1929871,Zone 9,1405.9
45.4965543,9.1922736,Zone 9,1405.9
45.5145,9.2120661,Zone 9,1404.9
45.5214235,9.1960882,Zone 9,1404.4
45.5216504,9.1960185,Zone 9,1404.4
45.5064757,9.1630237,Zone 9,1405.4
45.4945106,9.1917962,Zone 9,1406.1
45.4947325,9.191587,Zone 9,1406.1
45.4946535,9.1912866,Zone 9,1406.1
45.4940838,9.1909915,Zone 9,1406.1
45.4932264,9.1910318,Zone 9,1406.1
45.4931578,9.1912973,Zone 9,1406.1
45.492841,9.1913831,Zone 9,1406.1
45.4930525,9.1915776,Zone 9,1406.1
45.4931287,9.1909566,Zone 9,1406.1
45.4938431,9.1910666,Zone 9,1406.1
45.4932568,9.1907756,Zone 9,1406.1
45.4933249,9.1905936,Zone 9,1406.1
45.4929989,9.1907528,Zone 9,1406.1
45.4929858,9.1906214,Zone 9,1406.1
45.4926943,9.1902137,Zone 9,1406.1
45.4923672,9.1900367,Zone 9,1406.3
45.4918463,9.1898194,Zone 9,1406.1
45.4915117,9.1892695,Zone 9,1406.1
45.4914872,9.1889825,Zone 9,1406.1
45.4912767,9.189069,Zone 9,1406.1
45.4909372,9.1891381,Zone 9,1406.1
45.4908855,9.1891381,Zone 9,1406.1
45.4908329,9.1891488,Zone 9,1406.1
45.4908075,9.1891555,Zone 9,1406.1
45.4907981,9.1893205,Zone 9,1406.1
45.4908357,9.1893379,Zone 9,1406.1
45.4909598,9.1893125,Zone 9,1406.1
45.4909748,9.1892011,Zone 9,1406.1
45.490752,9.189287,Zone 9,1406.1
45.4907219,9.1892575,Zone 9,1406.1
45.4907295,9.1891931,Zone 9,1406.1
45.4907586,9.1891743,Zone 9,1406.1
45.4906743,9.189212,Zone 9,1406.1
45.4914308,9.1896719,Zone 9,1406.1
45.4915756,9.1899642,Zone 9,1406.1
45.4915248,9.1904765,Zone 9,1406.3
